"Id";"Designator";"Package";"Quantity";"Designation";"Supplier and ref";
1;"U2";"Si5351";1;"Si5351";;;
2;"U1";"cjmcu-9833";1;"cjmcu-9833";;;
3;"D1";"LED_0603_1608Metric_Pad1.05x0.95mm_HandSolder";1;"LED";;;
4;"J1";"PinHeader_2x06_P2.54mm_Horizontal";1;"pmod";;;
5;"J2";"PinHeader_1x02_P2.54mm_Vertical";1;"25Mhz";;;
6;"J3";"PinHeader_1x02_P2.54mm_Vertical";1;"clk";;;
7;"R2,R4,R5,R3";"R_0603_1608Metric_Pad0.98x0.95mm_HandSolder";4;"10k";;;
8;"C1,C2";"C_0603_1608Metric_Pad1.08x0.95mm_HandSolder";2;"100n";;;
9;"R1";"R_0603_1608Metric_Pad0.98x0.95mm_HandSolder";1;"330E";;;
